Country,Correlation Coefficient
World,0.992971834
UK,0.982112668
Argentina,0.981074054
South Africa,0.964424036
France,0.963521731
Spain,0.939137177
Peru,0.937547973
US,0.924002543
India,0.916541618
Colombia,0.906204959
Chile,0.902804039
Italy,0.87741518
Iran,0.872501525
Russia,0.83295975
Brazil,0.819180916
Mexico,0.771665496